<?xml version="1.0" encoding="utf-8"?>
<extension 

version="1.6" type="plugin" group="content" method="upgrade">

	<name>Sitemap Update Ping Plugin</name>
	<author>B Tasker</author>
	<creationDate>Jan 31 2013</creationDate>
	<copyright>Copyright (C) 2013 B Tasker</copyright>
	<authorEmail>rpcping@bentasker.co.uk</authorEmail>
	<authorUrl>http://www.bentasker.co.uk</authorUrl>
	<version>1.0.2</version>
	<license>http://www.gnu.org/licenses/gpl-2.0.html GNU/GPL</license>
	<description>This plugin allows you to ping search engines whenever you update your content - we simply tell them the sitemap has been updated</description>
	<files>
		<filename plugin="rpcping">rpcping.php</filename>
		<filename>rpcping.xml</filename>
		<filename>index.html</filename>
	</files>
	
	<config>
	
	
	<fields name="params">
	
	      <fieldset name="basic">
		
		<field type="textarea" name="sitemapURLs" default="" label="Sitemap URLs" description="Full URLs for your sitemaps (one per line)" />
		
		
		<field type="list" name="pingFor" label="Send Pings for" default="1">
		  <option value="0">New and Modified Content</option>
		  <option value="1">New Content Only</option>
		</field>
		
		
		<field type="hidden" name="connectionlimit" default="2" label="Max hourly pings" description="What's the maximum number of times an hour we should ping Google?" />
		<field type="text" name="connectTimeout" default="10" label="Connection Timeout" description="If Google doesn't respond immediately, how long should we wait? (Seconds)" />
				
	      </fieldset>
	      
	      
	      <fieldset name="SearchEngines" label="Search Engines">
		<field type="radio" name="google" label="Google" default="1">
		  <option value="1">Enabled</option>
		  <option value="0">Disabled</option>
		</field>
		<field type="radio" name="ask" label="Ask" default="1">
		  <option value="1">Enabled</option>
		  <option value="0">Disabled</option>
		</field>
		<field type="radio" name="bing" label="Bing" default="1">
		  <option value="1">Enabled</option>
		  <option value="0">Disabled</option>
		</field>
		
		
	      </fieldset>
	</fields>
	
	</config>
</extension>
